c_fips,county,state,City,total,per_capita,CMS Facility ID,HOSPITAL_TYPE,System,Beds,Public university system?,US News top 20?,FAP,FAP_LINK,COLLECTIONS,COLLECTIONS_LINK,REPORTED,Color,DEBT,Color,SUED,Color,DENIED,Color,Scorecard Notes,Researcher Notes,Spokesperson Notes,Facility website
1001,Autauga,AL,,1,1.82E-05,,Nonprofit and/or government,,25 or less,,,Yes,https://www.torrancememorial.org/app/files/public/242e9477-bfc8-44cd-baf4-77230dbc6034/Billing%20Insurance/FAP_Eng_Add_B_2019.pdf,Yes,https://www.torrancememorial.org/app/files/public/242e9477-bfc8-44cd-baf4-77230dbc6034/Billing%20Insurance/FAP_Eng_Add_B_2019.pdf,Yes,Blue,Yes,Blue,Yes,Blue,Yes,Blue,,,,
1003,Baldwin,AL,,3,1.48E-05,,For profit,,26-50,,,Yes,https://about.kaiserpermanente.org/community-health/communities-we-serve/southern-california-community/medical-financial-assistance-program,"Some, but not all", ,No,Red,No,Red,No,Red,No,Red,,,,
5045,Faulkner,AR,,2,1.65E-05,,Nonprofit and/or government,,51-100,,,Yes,https://www.sutterhealth.org/pdf/financial-assistance-policy/hospital-financial-assistance-policy-english.pdf,No,,Unclear,Purple,Unclear,Purple,Unclear,Purple,Unclear,Purple,,,,
5051,Garland,AR,,1,1.02E-05,,For profit,,101-250,,,No,,Yes,https://www.torrancememorial.org/app/files/public/242e9477-bfc8-44cd-baf4-77230dbc6034/Billing%20Insurance/FAP_Eng_Add_B_2019.pdf,Yes,Blue,Yes,Blue,Yes,Blue,Yes,Blue,,,,
5145,White,AR,,3,3.80E-05,,Nonprofit and/or government,,More than 250,,,No,,"Some, but not all", ,No,Red,No,Red,No,Red,No,Red,,,,
24031,Montgomery,AR,,1,9.68E-07,,For profit,,26 or less,,,No,,No,,Unclear,Purple,Unclear,Purple,Unclear,Purple,Unclear,Purple,,,,
6001,Alameda,CA,,35,2.14E-05,,Nonprofit and/or government,,26-51,,,Yes,https://about.kaiserpermanente.org/community-health/communities-we-serve/southern-california-community/medical-financial-assistance-program,Yes,https://www.torrancememorial.org/app/files/public/242e9477-bfc8-44cd-baf4-77230dbc6034/Billing%20Insurance/FAP_Eng_Add_B_2019.pdf,Yes,Blue,Yes,Blue,Yes,Blue,Yes,Blue,,,,
6005,Amador,CA,,1,2.70E-05,,For profit,,51-101,,,No,,"Some, but not all", ,No,Red,No,Red,No,Red,No,Red,,,,
6007,Butte,CA,,5,2.23E-05,,Nonprofit and/or government,,101-251,,,Yes,https://www.palomarhealth.org/media/file/Patient%20and%20Visitor/34372%20-%20Financial%20Assistance%20Operational%20Procedure.pdf,No,,Unclear,Purple,Unclear,Purple,Unclear,Purple,Unclear,Purple,,,,
6013,Contra Costa,CA,,19,1.69E-05,,For profit,,More than 251,,,Yes,https://www.palomarhealth.org/media/file/Patient%20and%20Visitor/34372%20-%20Financial%20Assistance%20Operational%20Procedure.pdf,Yes,https://www.torrancememorial.org/app/files/public/242e9477-bfc8-44cd-baf4-77230dbc6034/Billing%20Insurance/FAP_Eng_Add_B_2019.pdf,Yes,Blue,Yes,Blue,Yes,Blue,Yes,Blue,,,,
6087,Santa Cruz,CA,,6,2.19E-05,,Nonprofit and/or government,,27 or less,,,Yes,https://about.kaiserpermanente.org/community-health/communities-we-serve/northern-california-community/medical-financial-assistance-program,"Some, but not all", ,No,Red,No,Red,No,Red,No,Red,,,,
6089,Shasta,CA,,3,1.68E-05,,Nonprofit and/or government,,26-52,,,Yes,https://about.kaiserpermanente.org/community-health/communities-we-serve/southern-california-community/medical-financial-assistance-program,No,,Unclear,Purple,Unclear,Purple,Unclear,Purple,Unclear,Purple,,,,
53061,Snohomish,CA,,1,1.30E-06,,For profit,,51-102,,,Yes,https://www.centura.org/patient-tools/billing-and-financial-services/financial-help,Yes,https://www.torrancememorial.org/app/files/public/242e9477-bfc8-44cd-baf4-77230dbc6034/Billing%20Insurance/FAP_Eng_Add_B_2019.pdf,Yes,Blue,Yes,Blue,Yes,Blue,Yes,Blue,,,,
8093,Park,CO,,1,5.98E-05,,Nonprofit and/or government,,101-252,,,Yes,https://www.centura.org/patient-tools/billing-and-financial-services/financial-help,"Some, but not all", ,No,Red,No,Red,No,Red,No,Red,,,,
8097,Pitkin,CO,,1,5.57E-05,,For profit,,More than 252,,,No,,No,,Unclear,Purple,Unclear,Purple,Unclear,Purple,Unclear,Purple,,,,
8119,Teller,CO,,2,8.55E-05,,Nonprofit and/or government,,28 or less,,,Yes,https://www.centura.org/patient-tools/billing-and-financial-services/financial-help,Yes,https://www.torrancememorial.org/app/files/public/242e9477-bfc8-44cd-baf4-77230dbc6034/Billing%20Insurance/FAP_Eng_Add_B_2019.pdf,Yes,Blue,Yes,Blue,Yes,Blue,Yes,Blue,,,,
8123,Weld,CO,,1,3.50E-06,,For profit,,26-53,,,Yes,https://uchealth-wp-uploads.s3.amazonaws.com/wp-content/uploads/2022/03/24124736/UCHealth-Fin-Assistance-Policy-Detailed-032422.pdf,"Some, but not all", ,No,Red,No,Red,No,Red,No,Red,,,,
9011,New London,CT,,1,3.71E-06,,Nonprofit and/or government,,51-103,,,Yes,https://yourcommunityhospital.com/PDFs/Financial%20Assistance%20Policy.pdf,No,,Unclear,Purple,Unclear,Purple,Unclear,Purple,Unclear,Purple,,,,
9013,Tolland,CT,,1,6.59E-06,,For profit,,101-253,,,No,,Yes,https://www.torrancememorial.org/app/files/public/242e9477-bfc8-44cd-baf4-77230dbc6034/Billing%20Insurance/FAP_Eng_Add_B_2019.pdf,Yes,Blue,Yes,Blue,Yes,Blue,Yes,Blue,,,,
9015,Windham,CT,,1,8.58E-06,,Nonprofit and/or government,,More than 253,,,Yes,https://centura.widen.net/s/6t7wwwsppl/financial-assistance-policy,"Some, but not all", ,No,Red,No,Red,No,Red,No,Red,,,,
11001,District of Columbia,DC,,17,2.52E-05,,For profit,,29 or less,,,Yes,https://www.centura.org/patient-tools/billing-and-financial-services/financial-help,No,,Unclear,Purple,Unclear,Purple,Unclear,Purple,Unclear,Purple,,,,
10001,Kent,DE,,3,1.73E-05,,Nonprofit and/or government,,26-54,,,No,,Yes,https://www.torrancememorial.org/app/files/public/242e9477-bfc8-44cd-baf4-77230dbc6034/Billing%20Insurance/FAP_Eng_Add_B_2019.pdf,Yes,Blue,Yes,Blue,Yes,Blue,Yes,Blue,,,,
10003,New Castle,DE,,8,1.45E-05,,Nonprofit and/or government,,51-104,,,Yes,https://www.torrancememorial.org/app/files/public/242e9477-bfc8-44cd-baf4-77230dbc6034/Billing%20Insurance/FAP_Eng_Add_B_2019.pdf,"Some, but not all", ,No,Red,No,Red,No,Red,No,Red,,,,
10005,Sussex,DE,,1,4.66E-06,,For profit,,101-254,,,Yes,https://about.kaiserpermanente.org/community-health/communities-we-serve/southern-california-community/medical-financial-assistance-program,No,,Unclear,Purple,Unclear,Purple,Unclear,Purple,Unclear,Purple,,,,
1003,Baldwin,FL,,1,4.93E-06,,Nonprofit and/or government,,More than 254,,,Yes,https://www.sutterhealth.org/pdf/financial-assistance-policy/hospital-financial-assistance-policy-english.pdf,Yes,https://www.torrancememorial.org/app/files/public/242e9477-bfc8-44cd-baf4-77230dbc6034/Billing%20Insurance/FAP_Eng_Add_B_2019.pdf,Yes,Blue,Yes,Blue,Yes,Blue,Yes,Blue,,,,
12001,Alachua,FL,,5,1.93E-05,,For profit,,30 or less,,,No,,"Some, but not all", ,No,Red,No,Red,No,Red,No,Red,,,,
12117,Seminole,FL,,3,6.69E-06,,Nonprofit and/or government,,26-55,,,No,,No,,Unclear,Purple,Unclear,Purple,Unclear,Purple,Unclear,Purple,,,,
12119,Sumter,FL,,2,1.71E-05,,For profit,,51-105,,,No,,Yes,https://www.torrancememorial.org/app/files/public/242e9477-bfc8-44cd-baf4-77230dbc6034/Billing%20Insurance/FAP_Eng_Add_B_2019.pdf,Yes,Blue,Yes,Blue,Yes,Blue,Yes,Blue,,,,
13221,Oglethorpe,FL,,1,6.79E-05,,Nonprofit and/or government,,101-255,,,Yes,https://about.kaiserpermanente.org/community-health/communities-we-serve/southern-california-community/medical-financial-assistance-program,"Some, but not all", ,No,Red,No,Red,No,Red,No,Red,,,,
42111,Somerset,FL,,1,1.33E-05,,For profit,,More than 255,,,No,,No,,Unclear,Purple,Unclear,Purple,Unclear,Purple,Unclear,Purple,,,,
55015,Calumet,FL,,1,2.01E-05,,Nonprofit and/or government,,31 or less,,,Yes,https://www.palomarhealth.org/media/file/Patient%20and%20Visitor/34372%20-%20Financial%20Assistance%20Operational%20Procedure.pdf,Yes,https://www.torrancememorial.org/app/files/public/242e9477-bfc8-44cd-baf4-77230dbc6034/Billing%20Insurance/FAP_Eng_Add_B_2019.pdf,Yes,Blue,Yes,Blue,Yes,Blue,Yes,Blue,,,,
12001,Alachua,GA,,1,3.86E-06,,For profit,,26-56,,,Yes,https://www.palomarhealth.org/media/file/Patient%20and%20Visitor/34372%20-%20Financial%20Assistance%20Operational%20Procedure.pdf,"Some, but not all", ,No,Red,No,Red,No,Red,No,Red,,,,
13297,Walton,GA,,4,4.53E-05,,Nonprofit and/or government,,51-106,,,Yes,https://about.kaiserpermanente.org/community-health/communities-we-serve/northern-california-community/medical-financial-assistance-program,No,,Unclear,Purple,Unclear,Purple,Unclear,Purple,Unclear,Purple,,,,
13313,Whitfield,GA,,1,9.65E-06,,Nonprofit and/or government,,101-256,,,Yes,https://about.kaiserpermanente.org/community-health/communities-we-serve/southern-california-community/medical-financial-assistance-program,Yes,https://www.torrancememorial.org/app/files/public/242e9477-bfc8-44cd-baf4-77230dbc6034/Billing%20Insurance/FAP_Eng_Add_B_2019.pdf,Yes,Blue,Yes,Blue,Yes,Blue,Yes,Blue,,,,
13317,Wilkes,GA,,1,0.0001008979921,,For profit,,More than 256,,,Yes,https://www.centura.org/patient-tools/billing-and-financial-services/financial-help,"Some, but not all", ,No,Red,No,Red,No,Red,No,Red,,,,
21067,Fayette,GA,,1,3.17E-06,,Nonprofit and/or government,,32 or less,,,Yes,https://www.centura.org/patient-tools/billing-and-financial-services/financial-help,No,,Unclear,Purple,Unclear,Purple,Unclear,Purple,Unclear,Purple,,,,
15001,Hawaii,HI,,1,5.10E-06,,For profit,,26-57,,,No,,Yes,https://www.torrancememorial.org/app/files/public/242e9477-bfc8-44cd-baf4-77230dbc6034/Billing%20Insurance/FAP_Eng_Add_B_2019.pdf,Yes,Blue,Yes,Blue,Yes,Blue,Yes,Blue,,,,
15003,Honolulu,HI,,6,6.05E-06,,Nonprofit and/or government,,51-107,,,Yes,https://www.centura.org/patient-tools/billing-and-financial-services/financial-help,"Some, but not all", ,No,Red,No,Red,No,Red,No,Red,,,,
15009,Maui,HI,,1,6.10E-06,,For profit,,101-257,,,Yes,https://uchealth-wp-uploads.s3.amazonaws.com/wp-content/uploads/2022/03/24124736/UCHealth-Fin-Assistance-Policy-Detailed-032422.pdf,No,,Unclear,Purple,Unclear,Purple,Unclear,Purple,Unclear,Purple,,,,
19013,Black Hawk,IA,,1,7.48E-06,,Nonprofit and/or government,,More than 257,,,Yes,https://yourcommunityhospital.com/PDFs/Financial%20Assistance%20Policy.pdf,Yes,https://www.torrancememorial.org/app/files/public/242e9477-bfc8-44cd-baf4-77230dbc6034/Billing%20Insurance/FAP_Eng_Add_B_2019.pdf,Yes,Blue,Yes,Blue,Yes,Blue,Yes,Blue,,,,
19015,Boone,IA,,1,3.78E-05,,For profit,,33 or less,,,No,,"Some, but not all", ,No,Red,No,Red,No,Red,No,Red,,,,
19163,Scott,IA,,4,2.33E-05,,Nonprofit and/or government,,26-58,,,Yes,https://centura.widen.net/s/6t7wwwsppl/financial-assistance-policy,No,,Unclear,Purple,Unclear,Purple,Unclear,Purple,Unclear,Purple,,,,
19169,Story,IA,,1,1.03E-05,,For profit,,51-108,,,Yes,https://www.centura.org/patient-tools/billing-and-financial-services/financial-help,Yes,https://www.torrancememorial.org/app/files/public/242e9477-bfc8-44cd-baf4-77230dbc6034/Billing%20Insurance/FAP_Eng_Add_B_2019.pdf,Yes,Blue,Yes,Blue,Yes,Blue,Yes,Blue,,,,
19183,Washington,IA,,1,4.52E-05,,Nonprofit and/or government,,101-258,,,No,,"Some, but not all", ,No,Red,No,Red,No,Red,No,Red,,,,
19193,Woodbury,IA,,3,2.93E-05,,Nonprofit and/or government,,More than 258,,,Yes,https://www.torrancememorial.org/app/files/public/242e9477-bfc8-44cd-baf4-77230dbc6034/Billing%20Insurance/FAP_Eng_Add_B_2019.pdf,No,,Unclear,Purple,Unclear,Purple,Unclear,Purple,Unclear,Purple,,,,
16001,Ada,ID,,15,3.47E-05,,For profit,,34 or less,,,Yes,https://about.kaiserpermanente.org/community-health/communities-we-serve/southern-california-community/medical-financial-assistance-program,Yes,https://www.torrancememorial.org/app/files/public/242e9477-bfc8-44cd-baf4-77230dbc6034/Billing%20Insurance/FAP_Eng_Add_B_2019.pdf,Yes,Blue,Yes,Blue,Yes,Blue,Yes,Blue,,,,
16067,Minidoka,ID,,1,4.89E-05,,Nonprofit and/or government,,26-59,,,Yes,https://www.sutterhealth.org/pdf/financial-assistance-policy/hospital-financial-assistance-policy-english.pdf,"Some, but not all", ,No,Red,No,Red,No,Red,No,Red,,,,
17187,Warren,IL,,2,0.0001145803495,,For profit,,51-109,,,No,,No,,Unclear,Purple,Unclear,Purple,Unclear,Purple,Unclear,Purple,,,,
17195,Whiteside,IL,,1,1.76E-05,,Nonprofit and/or government,,101-259,,,No,,Yes,https://www.torrancememorial.org/app/files/public/242e9477-bfc8-44cd-baf4-77230dbc6034/Billing%20Insurance/FAP_Eng_Add_B_2019.pdf,Yes,Blue,Yes,Blue,Yes,Blue,Yes,Blue,,,,
17197,Will,IL,,5,7.29E-06,,For profit,,More than 259,,,No,,"Some, but not all", ,No,Red,No,Red,No,Red,No,Red,,,,
17201,Winnebago,IL,,7,2.44E-05,,Nonprofit and/or government,,35 or less,,,Yes,https://about.kaiserpermanente.org/community-health/communities-we-serve/southern-california-community/medical-financial-assistance-program,No,,Unclear,Purple,Unclear,Purple,Unclear,Purple,Unclear,Purple,,,,
17031,Cook,IN,,1,1.91E-07,,For profit,,26-60,,,No,,Yes,https://www.torrancememorial.org/app/files/public/242e9477-bfc8-44cd-baf4-77230dbc6034/Billing%20Insurance/FAP_Eng_Add_B_2019.pdf,Yes,Blue,Yes,Blue,Yes,Blue,Yes,Blue,,,,
18001,Adams,IN,,1,2.86E-05,,Nonprofit and/or government,,51-110,,,Yes,https://www.palomarhealth.org/media/file/Patient%20and%20Visitor/34372%20-%20Financial%20Assistance%20Operational%20Procedure.pdf,"Some, but not all", ,No,Red,No,Red,No,Red,No,Red,,,,
18109,Morgan,IN,,1,1.44E-05,,For profit,,101-260,,,Yes,https://www.palomarhealth.org/media/file/Patient%20and%20Visitor/34372%20-%20Financial%20Assistance%20Operational%20Procedure.pdf,No,,Unclear,Purple,Unclear,Purple,Unclear,Purple,Unclear,Purple,,,,
18167,Vigo,IN,,1,9.30E-06,,Nonprofit and/or government,,More than 260,,,Yes,https://about.kaiserpermanente.org/community-health/communities-we-serve/northern-california-community/medical-financial-assistance-program,Yes,https://www.torrancememorial.org/app/files/public/242e9477-bfc8-44cd-baf4-77230dbc6034/Billing%20Insurance/FAP_Eng_Add_B_2019.pdf,Yes,Blue,Yes,Blue,Yes,Blue,Yes,Blue,,,,
18177,Wayne,IN,,1,1.49E-05,,Nonprofit and/or government,,36 or less,,,Yes,https://about.kaiserpermanente.org/community-health/communities-we-serve/southern-california-community/medical-financial-assistance-program,"Some, but not all", ,No,Red,No,Red,No,Red,No,Red,,,,
18179,Wells,IN,,1,3.59E-05,,For profit,,26-61,,,Yes,https://www.centura.org/patient-tools/billing-and-financial-services/financial-help,No,,Unclear,Purple,Unclear,Purple,Unclear,Purple,Unclear,Purple,,,,
20015,Butler,KS,,1,1.51E-05,,Nonprofit and/or government,,51-111,,,Yes,https://www.centura.org/patient-tools/billing-and-financial-services/financial-help,Yes,https://www.torrancememorial.org/app/files/public/242e9477-bfc8-44cd-baf4-77230dbc6034/Billing%20Insurance/FAP_Eng_Add_B_2019.pdf,Yes,Blue,Yes,Blue,Yes,Blue,Yes,Blue,,,,
20045,Douglas,KS,,1,8.46E-06,,For profit,,101-261,,,No,,"Some, but not all", ,No,Red,No,Red,No,Red,No,Red,,,,
20133,Neosho,KS,,1,6.14E-05,,Nonprofit and/or government,,More than 261,,,Yes,https://www.centura.org/patient-tools/billing-and-financial-services/financial-help,No,,Unclear,Purple,Unclear,Purple,Unclear,Purple,Unclear,Purple,,,,
20149,Pottawatomie,KS,,1,4.32E-05,,For profit,,37 or less,,,Yes,https://uchealth-wp-uploads.s3.amazonaws.com/wp-content/uploads/2022/03/24124736/UCHealth-Fin-Assistance-Policy-Detailed-032422.pdf,Yes,https://www.torrancememorial.org/app/files/public/242e9477-bfc8-44cd-baf4-77230dbc6034/Billing%20Insurance/FAP_Eng_Add_B_2019.pdf,Yes,Blue,Yes,Blue,Yes,Blue,Yes,Blue,,,,
20173,Sedgwick,KS,,8,1.57E-05,,Nonprofit and/or government,,26-62,,,Yes,https://yourcommunityhospital.com/PDFs/Financial%20Assistance%20Policy.pdf,"Some, but not all", ,No,Red,No,Red,No,Red,No,Red,,,,
20199,Wallace,KS,,1,0.0006644518272,,For profit,,51-112,,,No,,No,,Unclear,Purple,Unclear,Purple,Unclear,Purple,Unclear,Purple,,,,
21015,Boone,KY,,1,7.80E-06,,Nonprofit and/or government,,101-262,,,Yes,https://centura.widen.net/s/6t7wwwsppl/financial-assistance-policy,Yes,https://www.torrancememorial.org/app/files/public/242e9477-bfc8-44cd-baf4-77230dbc6034/Billing%20Insurance/FAP_Eng_Add_B_2019.pdf,Yes,Blue,Yes,Blue,Yes,Blue,Yes,Blue,,,,
21239,Woodford,KY,,1,3.87E-05,,For profit,,More than 262,,,Yes,https://www.centura.org/patient-tools/billing-and-financial-services/financial-help,"Some, but not all", ,No,Red,No,Red,No,Red,No,Red,,,,
47125,Montgomery,KY,,2,1.04E-05,,Nonprofit and/or government,,38 or less,,,No,,No,,Unclear,Purple,Unclear,Purple,Unclear,Purple,Unclear,Purple,,,,
6037,Los Angeles,LA,,1,9.92E-08,,Nonprofit and/or government,,26-63,,,Yes,https://www.torrancememorial.org/app/files/public/242e9477-bfc8-44cd-baf4-77230dbc6034/Billing%20Insurance/FAP_Eng_Add_B_2019.pdf,Yes,https://www.torrancememorial.org/app/files/public/242e9477-bfc8-44cd-baf4-77230dbc6034/Billing%20Insurance/FAP_Eng_Add_B_2019.pdf,Yes,Blue,Yes,Blue,Yes,Blue,Yes,Blue,,,,
22001,Acadia,LA,,1,1.60E-05,,For profit,,51-113,,,Yes,https://about.kaiserpermanente.org/community-health/communities-we-serve/southern-california-community/medical-financial-assistance-program,"Some, but not all", ,No,Red,No,Red,No,Red,No,Red,,,,
22003,Allen,LA,,1,3.90E-05,,Nonprofit and/or government,,101-263,,,Yes,https://www.sutterhealth.org/pdf/financial-assistance-policy/hospital-financial-assistance-policy-english.pdf,No,,Unclear,Purple,Unclear,Purple,Unclear,Purple,Unclear,Purple,,,,
22097,St. Landry,LA,,1,1.20E-05,,For profit,,More than 263,,,No,,Yes,https://www.torrancememorial.org/app/files/public/242e9477-bfc8-44cd-baf4-77230dbc6034/Billing%20Insurance/FAP_Eng_Add_B_2019.pdf,Yes,Blue,Yes,Blue,Yes,Blue,Yes,Blue,,,,
22101,St. Mary,LA,,1,1.89E-05,,Nonprofit and/or government,,39 or less,,,No,,"Some, but not all", ,No,Red,No,Red,No,Red,No,Red,,,,
22103,St. Tammany,LA,,2,8.03E-06,,For profit,,26-64,,,No,,No,,Unclear,Purple,Unclear,Purple,Unclear,Purple,Unclear,Purple,,,,
22105,Tangipahoa,LA,,5,3.88E-05,,Nonprofit and/or government,,51-114,,,Yes,https://about.kaiserpermanente.org/community-health/communities-we-serve/southern-california-community/medical-financial-assistance-program,Yes,https://www.torrancememorial.org/app/files/public/242e9477-bfc8-44cd-baf4-77230dbc6034/Billing%20Insurance/FAP_Eng_Add_B_2019.pdf,Yes,Blue,Yes,Blue,Yes,Blue,Yes,Blue,,,,
22109,Terrebonne,LA,,5,4.39E-05,,For profit,,101-264,,,No,,"Some, but not all", ,No,Red,No,Red,No,Red,No,Red,,,,
22111,Union,LA,,1,4.45E-05,,Nonprofit and/or government,,More than 264,,,Yes,https://www.palomarhealth.org/media/file/Patient%20and%20Visitor/34372%20-%20Financial%20Assistance%20Operational%20Procedure.pdf,No,,Unclear,Purple,Unclear,Purple,Unclear,Purple,Unclear,Purple,,,,
25003,Berkshire,MA,,2,1.56E-05,,For profit,,40 or less,,,Yes,https://www.torrancememorial.org/app/files/public/242e9477-bfc8-44cd-baf4-77230dbc6034/Billing%20Insurance/FAP_Eng_Add_B_2019.pdf,Yes,https://www.torrancememorial.org/app/files/public/242e9477-bfc8-44cd-baf4-77230dbc6034/Billing%20Insurance/FAP_Eng_Add_B_2019.pdf,Yes,Blue,Yes,Blue,Yes,Blue,Yes,Blue,,,,
25005,Bristol,MA,,6,1.08E-05,,Nonprofit and/or government,,26-65,,,Yes,https://about.kaiserpermanente.org/community-health/communities-we-serve/southern-california-community/medical-financial-assistance-program,"Some, but not all", ,No,Red,No,Red,No,Red,No,Red,,,,
25009,Essex,MA,,3,3.86E-06,,Nonprofit and/or government,,51-115,,,Yes,https://www.sutterhealth.org/pdf/financial-assistance-policy/hospital-financial-assistance-policy-english.pdf,No,,Unclear,Purple,Unclear,Purple,Unclear,Purple,Unclear,Purple,,,,
24003,Anne Arundel,MD,,8,1.42E-05,,For profit,,101-265,,,No,,Yes,https://www.torrancememorial.org/app/files/public/242e9477-bfc8-44cd-baf4-77230dbc6034/Billing%20Insurance/FAP_Eng_Add_B_2019.pdf,Yes,Blue,Yes,Blue,Yes,Blue,Yes,Blue,,,,
24510,Baltimore City,MD,,16,2.57E-05,,Nonprofit and/or government,,More than 265,,,No,,"Some, but not all", ,No,Red,No,Red,No,Red,No,Red,,,,
23001,Androscoggin,ME,,1,9.33E-06,,For profit,,41 or less,,,No,,No,,Unclear,Purple,Unclear,Purple,Unclear,Purple,Unclear,Purple,,,,
23005,Cumberland,ME,,10,3.45E-05,,Nonprofit and/or government,,26-66,,,Yes,https://about.kaiserpermanente.org/community-health/communities-we-serve/southern-california-community/medical-financial-assistance-program,Yes,https://www.torrancememorial.org/app/files/public/242e9477-bfc8-44cd-baf4-77230dbc6034/Billing%20Insurance/FAP_Eng_Add_B_2019.pdf,Yes,Blue,Yes,Blue,Yes,Blue,Yes,Blue,,,,
23023,Sagadahoc,ME,,3,8.54E-05,,For profit,,51-116,,,No,,"Some, but not all", ,No,Red,No,Red,No,Red,No,Red,,,,
23031,York,ME,,5,2.48E-05,,Nonprofit and/or government,,101-266,,,Yes,https://www.palomarhealth.org/media/file/Patient%20and%20Visitor/34372%20-%20Financial%20Assistance%20Operational%20Procedure.pdf,No,,Unclear,Purple,Unclear,Purple,Unclear,Purple,Unclear,Purple,,,,
26005,Allegan,MI,,2,1.75E-05,,For profit,,More than 266,,,Yes,https://www.palomarhealth.org/media/file/Patient%20and%20Visitor/34372%20-%20Financial%20Assistance%20Operational%20Procedure.pdf,Yes,https://www.torrancememorial.org/app/files/public/242e9477-bfc8-44cd-baf4-77230dbc6034/Billing%20Insurance/FAP_Eng_Add_B_2019.pdf,Yes,Blue,Yes,Blue,Yes,Blue,Yes,Blue,,,,
26021,Berrien,MI,,1,6.45E-06,,Nonprofit and/or government,,42 or less,,,Yes,https://about.kaiserpermanente.org/community-health/communities-we-serve/northern-california-community/medical-financial-assistance-program,"Some, but not all", ,No,Red,No,Red,No,Red,No,Red,,,,
26037,Clinton,MI,,2,2.60E-05,,For profit,,26-67,,,Yes,https://about.kaiserpermanente.org/community-health/communities-we-serve/southern-california-community/medical-financial-assistance-program,No,,Unclear,Purple,Unclear,Purple,Unclear,Purple,Unclear,Purple,,,,
26157,Tuscola,MI,,1,1.86E-05,,Nonprofit and/or government,,51-117,,,Yes,https://www.centura.org/patient-tools/billing-and-financial-services/financial-help,Yes,https://www.torrancememorial.org/app/files/public/242e9477-bfc8-44cd-baf4-77230dbc6034/Billing%20Insurance/FAP_Eng_Add_B_2019.pdf,Yes,Blue,Yes,Blue,Yes,Blue,Yes,Blue,,,,
26159,Van Buren,MI,,3,4.00E-05,,Nonprofit and/or government,,101-267,,,Yes,https://www.centura.org/patient-tools/billing-and-financial-services/financial-help,"Some, but not all", ,No,Red,No,Red,No,Red,No,Red,,,,
26161,Washtenaw,MI,,9,2.48E-05,,For profit,,More than 267,,,No,,No,,Unclear,Purple,Unclear,Purple,Unclear,Purple,Unclear,Purple,,,,
26163,Wayne,MI,,12,6.80E-06,,Nonprofit and/or government,,43 or less,,,Yes,https://www.torrancememorial.org/app/files/public/242e9477-bfc8-44cd-baf4-77230dbc6034/Billing%20Insurance/FAP_Eng_Add_B_2019.pdf,Yes,https://www.torrancememorial.org/app/files/public/242e9477-bfc8-44cd-baf4-77230dbc6034/Billing%20Insurance/FAP_Eng_Add_B_2019.pdf,Yes,Blue,Yes,Blue,Yes,Blue,Yes,Blue,,,,
34003,Bergen,MI,,1,1.08E-06,,For profit,,26-68,,,Yes,https://about.kaiserpermanente.org/community-health/communities-we-serve/southern-california-community/medical-financial-assistance-program,"Some, but not all", ,No,Red,No,Red,No,Red,No,Red,,,,
27003,Anoka,MN,,2,5.81E-06,,Nonprofit and/or government,,51-118,,,Yes,https://www.sutterhealth.org/pdf/financial-assistance-policy/hospital-financial-assistance-policy-english.pdf,No,,Unclear,Purple,Unclear,Purple,Unclear,Purple,Unclear,Purple,,,,
27019,Carver,MN,,2,2.03E-05,,For profit,,101-268,,,No,,Yes,https://www.torrancememorial.org/app/files/public/242e9477-bfc8-44cd-baf4-77230dbc6034/Billing%20Insurance/FAP_Eng_Add_B_2019.pdf,Yes,Blue,Yes,Blue,Yes,Blue,Yes,Blue,,,,
27037,Dakota,MN,,5,1.21E-05,,Nonprofit and/or government,,More than 268,,,No,,"Some, but not all", ,No,Red,No,Red,No,Red,No,Red,,,,
27045,Fillmore,MN,,1,4.82E-05,,For profit,,44 or less,,,No,,No,,Unclear,Purple,Unclear,Purple,Unclear,Purple,Unclear,Purple,,,,
27047,Freeborn,MN,,1,3.28E-05,,Nonprofit and/or government,,26-69,,,Yes,https://about.kaiserpermanente.org/community-health/communities-we-serve/southern-california-community/medical-financial-assistance-program,Yes,https://www.torrancememorial.org/app/files/public/242e9477-bfc8-44cd-baf4-77230dbc6034/Billing%20Insurance/FAP_Eng_Add_B_2019.pdf,Yes,Blue,Yes,Blue,Yes,Blue,Yes,Blue,,,,
27149,Stevens,MN,,2,0.0002025521572,,For profit,,51-119,,,No,,"Some, but not all", ,No,Red,No,Red,No,Red,No,Red,,,,
27163,Washington,MN,,1,3.99E-06,,Nonprofit and/or government,,101-269,,,Yes,https://www.palomarhealth.org/media/file/Patient%20and%20Visitor/34372%20-%20Financial%20Assistance%20Operational%20Procedure.pdf,No,,Unclear,Purple,Unclear,Purple,Unclear,Purple,Unclear,Purple,,,,
29001,Adair,MO,,3,0.0001183291918,,Nonprofit and/or government,,More than 269,,,Yes,https://www.palomarhealth.org/media/file/Patient%20and%20Visitor/34372%20-%20Financial%20Assistance%20Operational%20Procedure.pdf,Yes,https://www.torrancememorial.org/app/files/public/242e9477-bfc8-44cd-baf4-77230dbc6034/Billing%20Insurance/FAP_Eng_Add_B_2019.pdf,Yes,Blue,Yes,Blue,Yes,Blue,Yes,Blue,,,,
29003,Andrew,MO,,1,5.78E-05,,For profit,,45 or less,,,Yes,https://about.kaiserpermanente.org/community-health/communities-we-serve/northern-california-community/medical-financial-assistance-program,"Some, but not all", ,No,Red,No,Red,No,Red,No,Red,,,,
29007,Audrain,MO,,2,7.71E-05,,Nonprofit and/or government,,26-70,,,Yes,https://about.kaiserpermanente.org/community-health/communities-we-serve/southern-california-community/medical-financial-assistance-program,No,,Unclear,Purple,Unclear,Purple,Unclear,Purple,Unclear,Purple,,,,
29009,Barry,MO,,1,2.83E-05,,For profit,,51-120,,,Yes,https://www.centura.org/patient-tools/billing-and-financial-services/financial-help,Yes,https://www.torrancememorial.org/app/files/public/242e9477-bfc8-44cd-baf4-77230dbc6034/Billing%20Insurance/FAP_Eng_Add_B_2019.pdf,Yes,Blue,Yes,Blue,Yes,Blue,Yes,Blue,,,,
29510,St. Louis City,MO,,4,1.27E-05,,Nonprofit and/or government,,101-270,,,Yes,https://www.centura.org/patient-tools/billing-and-financial-services/financial-help,"Some, but not all", ,No,Red,No,Red,No,Red,No,Red,,,,
34003,Bergen,MO,,1,1.08E-06,,For profit,,More than 270,,,No,,No,,Unclear,Purple,Unclear,Purple,Unclear,Purple,Unclear,Purple,,,,
28003,Alcorn,MS,,2,5.37E-05,,Nonprofit and/or government,,46 or less,,,Yes,https://www.centura.org/patient-tools/billing-and-financial-services/financial-help,Yes,https://www.torrancememorial.org/app/files/public/242e9477-bfc8-44cd-baf4-77230dbc6034/Billing%20Insurance/FAP_Eng_Add_B_2019.pdf,Yes,Blue,Yes,Blue,Yes,Blue,Yes,Blue,,,,
28021,Claiborne,MS,,1,0.0001085894234,,For profit,,26-71,,,Yes,https://uchealth-wp-uploads.s3.amazonaws.com/wp-content/uploads/2022/03/24124736/UCHealth-Fin-Assistance-Policy-Detailed-032422.pdf,"Some, but not all", ,No,Red,No,Red,No,Red,No,Red,,,,
30047,Lake,MT,,1,3.39E-05,,Nonprofit and/or government,,51-121,,,Yes,https://yourcommunityhospital.com/PDFs/Financial%20Assistance%20Policy.pdf,No,,Unclear,Purple,Unclear,Purple,Unclear,Purple,Unclear,Purple,,,,
30081,Ravalli,MT,,1,2.43E-05,,For profit,,101-271,,,No,,Yes,https://www.torrancememorial.org/app/files/public/242e9477-bfc8-44cd-baf4-77230dbc6034/Billing%20Insurance/FAP_Eng_Add_B_2019.pdf,Yes,Blue,Yes,Blue,Yes,Blue,Yes,Blue,,,,
30111,Yellowstone,MT,,1,6.39E-06,,Nonprofit and/or government,,More than 271,,,Yes,https://centura.widen.net/s/6t7wwwsppl/financial-assistance-policy,"Some, but not all", ,No,Red,No,Red,No,Red,No,Red,,,,
37001,Alamance,NC,,2,1.27E-05,,Nonprofit and/or government,,47 or less,,,Yes,https://www.centura.org/patient-tools/billing-and-financial-services/financial-help,No,,Unclear,Purple,Unclear,Purple,Unclear,Purple,Unclear,Purple,,,,
37019,Brunswick,NC,,1,8.18E-06,,For profit,,26-72,,,No,,Yes,https://www.torrancememorial.org/app/files/public/242e9477-bfc8-44cd-baf4-77230dbc6034/Billing%20Insurance/FAP_Eng_Add_B_2019.pdf,Yes,Blue,Yes,Blue,Yes,Blue,Yes,Blue,,,,
37021,Buncombe,NC,,3,1.19E-05,,Nonprofit and/or government,,51-122,,,Yes,https://www.torrancememorial.org/app/files/public/242e9477-bfc8-44cd-baf4-77230dbc6034/Billing%20Insurance/FAP_Eng_Add_B_2019.pdf,"Some, but not all", ,No,Red,No,Red,No,Red,No,Red,,,,
37085,Harnett,NC,,1,7.81E-06,,For profit,,101-272,,,Yes,https://about.kaiserpermanente.org/community-health/communities-we-serve/southern-california-community/medical-financial-assistance-program,No,,Unclear,Purple,Unclear,Purple,Unclear,Purple,Unclear,Purple,,,,
37107,Lenoir,NC,,1,1.72E-05,,Nonprofit and/or government,,More than 272,,,Yes,https://www.sutterhealth.org/pdf/financial-assistance-policy/hospital-financial-assistance-policy-english.pdf,Yes,https://www.torrancememorial.org/app/files/public/242e9477-bfc8-44cd-baf4-77230dbc6034/Billing%20Insurance/FAP_Eng_Add_B_2019.pdf,Yes,Blue,Yes,Blue,Yes,Blue,Yes,Blue,,,,
37181,Vance,NC,,1,2.25E-05,,For profit,,48 or less,,,No,,"Some, but not all", ,No,Red,No,Red,No,Red,No,Red,,,,
37183,Wake,NC,,14,1.37E-05,,Nonprofit and/or government,,26-73,,,No,,No,,Unclear,Purple,Unclear,Purple,Unclear,Purple,Unclear,Purple,,,,
31095,Jefferson,NE,,1,0.0001384849744,,For profit,,51-123,,,No,,Yes,https://www.torrancememorial.org/app/files/public/242e9477-bfc8-44cd-baf4-77230dbc6034/Billing%20Insurance/FAP_Eng_Add_B_2019.pdf,Yes,Blue,Yes,Blue,Yes,Blue,Yes,Blue,,,,
31109,Lancaster,NE,,4,1.31E-05,,Nonprofit and/or government,,101-273,,,Yes,https://about.kaiserpermanente.org/community-health/communities-we-serve/southern-california-community/medical-financial-assistance-program,"Some, but not all", ,No,Red,No,Red,No,Red,No,Red,,,,
31153,Sarpy,NE,,2,1.14E-05,,For profit,,More than 273,,,No,,No,,Unclear,Purple,Unclear,Purple,Unclear,Purple,Unclear,Purple,,,,
33011,Hillsborough,NH,,2,4.89E-06,,Nonprofit and/or government,,49 or less,,,Yes,https://www.palomarhealth.org/media/file/Patient%20and%20Visitor/34372%20-%20Financial%20Assistance%20Operational%20Procedure.pdf,Yes,https://www.torrancememorial.org/app/files/public/242e9477-bfc8-44cd-baf4-77230dbc6034/Billing%20Insurance/FAP_Eng_Add_B_2019.pdf,Yes,Blue,Yes,Blue,Yes,Blue,Yes,Blue,,,,
33013,Merrimack,NH,,1,6.73E-06,,Nonprofit and/or government,,26-74,,,Yes,https://www.palomarhealth.org/media/file/Patient%20and%20Visitor/34372%20-%20Financial%20Assistance%20Operational%20Procedure.pdf,"Some, but not all", ,No,Red,No,Red,No,Red,No,Red,,,,
33015,Rockingham,NH,,4,1.32E-05,,For profit,,51-124,,,Yes,https://about.kaiserpermanente.org/community-health/communities-we-serve/northern-california-community/medical-financial-assistance-program,No,,Unclear,Purple,Unclear,Purple,Unclear,Purple,Unclear,Purple,,,,
33017,Strafford,NH,,4,3.15E-05,,Nonprofit and/or government,,101-274,,,Yes,https://about.kaiserpermanente.org/community-health/communities-we-serve/southern-california-community/medical-financial-assistance-program,Yes,https://www.torrancememorial.org/app/files/public/242e9477-bfc8-44cd-baf4-77230dbc6034/Billing%20Insurance/FAP_Eng_Add_B_2019.pdf,Yes,Blue,Yes,Blue,Yes,Blue,Yes,Blue,,,,
34001,Atlantic,NJ,,3,1.11E-05,,For profit,,More than 274,,,Yes,https://www.centura.org/patient-tools/billing-and-financial-services/financial-help,"Some, but not all", ,No,Red,No,Red,No,Red,No,Red,,,,
34003,Bergen,NJ,,6,6.48E-06,,Nonprofit and/or government,,50 or less,,,Yes,https://www.centura.org/patient-tools/billing-and-financial-services/financial-help,No,,Unclear,Purple,Unclear,Purple,Unclear,Purple,Unclear,Purple,,,,
34005,Burlington,NJ,,6,1.34E-05,,For profit,,26-75,,,No,,Yes,https://www.torrancememorial.org/app/files/public/242e9477-bfc8-44cd-baf4-77230dbc6034/Billing%20Insurance/FAP_Eng_Add_B_2019.pdf,Yes,Blue,Yes,Blue,Yes,Blue,Yes,Blue,,,,
34007,Camden,NJ,,5,9.85E-06,,Nonprofit and/or government,,51-125,,,Yes,https://www.torrancememorial.org/app/files/public/242e9477-bfc8-44cd-baf4-77230dbc6034/Billing%20Insurance/FAP_Eng_Add_B_2019.pdf,"Some, but not all", ,No,Red,No,Red,No,Red,No,Red,,,,
35029,Luna,NM,,1,4.10E-05,,For profit,,101-275,,,Yes,https://about.kaiserpermanente.org/community-health/communities-we-serve/southern-california-community/medical-financial-assistance-program,No,,Unclear,Purple,Unclear,Purple,Unclear,Purple,Unclear,Purple,,,,
35031,McKinley,NM,,1,1.36E-05,,Nonprofit and/or government,,More than 275,,,Yes,https://www.sutterhealth.org/pdf/financial-assistance-policy/hospital-financial-assistance-policy-english.pdf,Yes,https://www.torrancememorial.org/app/files/public/242e9477-bfc8-44cd-baf4-77230dbc6034/Billing%20Insurance/FAP_Eng_Add_B_2019.pdf,Yes,Blue,Yes,Blue,Yes,Blue,Yes,Blue,,,,
35039,Rio Arriba,NM,,1,2.54E-05,,For profit,,51 or less,,,No,,"Some, but not all", ,No,Red,No,Red,No,Red,No,Red,,,,
35043,Sandoval,NM,,5,3.61E-05,,Nonprofit and/or government,,26-76,,,No,,No,,Unclear,Purple,Unclear,Purple,Unclear,Purple,Unclear,Purple,,,,
35049,Santa Fe,NM,,5,3.38E-05,,Nonprofit and/or government,,51-126,,,No,,Yes,https://www.torrancememorial.org/app/files/public/242e9477-bfc8-44cd-baf4-77230dbc6034/Billing%20Insurance/FAP_Eng_Add_B_2019.pdf,Yes,Blue,Yes,Blue,Yes,Blue,Yes,Blue,,,,
6055,Napa,NV,,1,7.10E-06,,For profit,,101-276,,,Yes,https://about.kaiserpermanente.org/community-health/communities-we-serve/southern-california-community/medical-financial-assistance-program,"Some, but not all", ,No,Red,No,Red,No,Red,No,Red,,,,
32003,Clark,NV,,19,9.06E-06,,Nonprofit and/or government,,More than 276,,,No,,No,,Unclear,Purple,Unclear,Purple,Unclear,Purple,Unclear,Purple,,,,
32023,Nye,NV,,1,2.33E-05,,For profit,,52 or less,,,Yes,https://www.palomarhealth.org/media/file/Patient%20and%20Visitor/34372%20-%20Financial%20Assistance%20Operational%20Procedure.pdf,Yes,https://www.torrancememorial.org/app/files/public/242e9477-bfc8-44cd-baf4-77230dbc6034/Billing%20Insurance/FAP_Eng_Add_B_2019.pdf,Yes,Blue,Yes,Blue,Yes,Blue,Yes,Blue,,,,
32031,Washoe,NV,,6,1.36E-05,,Nonprofit and/or government,,26-77,,,Yes,https://www.palomarhealth.org/media/file/Patient%20and%20Visitor/34372%20-%20Financial%20Assistance%20Operational%20Procedure.pdf,"Some, but not all", ,No,Red,No,Red,No,Red,No,Red,,,,
36001,Albany,NY,,5,1.63E-05,,For profit,,51-127,,,Yes,https://about.kaiserpermanente.org/community-health/communities-we-serve/northern-california-community/medical-financial-assistance-program,No,,Unclear,Purple,Unclear,Purple,Unclear,Purple,Unclear,Purple,,,,
36003,Allegany,NY,,1,2.11E-05,,Nonprofit and/or government,,101-277,,,Yes,https://about.kaiserpermanente.org/community-health/communities-we-serve/southern-california-community/medical-financial-assistance-program,Yes,https://www.torrancememorial.org/app/files/public/242e9477-bfc8-44cd-baf4-77230dbc6034/Billing%20Insurance/FAP_Eng_Add_B_2019.pdf,Yes,Blue,Yes,Blue,Yes,Blue,Yes,Blue,,,,
36005,Bronx,NY,,2,1.39E-06,,For profit,,More than 277,,,Yes,https://www.centura.org/patient-tools/billing-and-financial-services/financial-help,"Some, but not all", ,No,Red,No,Red,No,Red,No,Red,,,,
36109,Tompkins,NY,,2,1.94E-05,,Nonprofit and/or government,,53 or less,,,Yes,https://www.centura.org/patient-tools/billing-and-financial-services/financial-help,No,,Unclear,Purple,Unclear,Purple,Unclear,Purple,Unclear,Purple,,,,
36111,Ulster,NY,,1,5.57E-06,,For profit,,26-78,,,No,,Yes,https://www.torrancememorial.org/app/files/public/242e9477-bfc8-44cd-baf4-77230dbc6034/Billing%20Insurance/FAP_Eng_Add_B_2019.pdf,Yes,Blue,Yes,Blue,Yes,Blue,Yes,Blue,,,,
36119,Westchester,NY,,5,5.16E-06,,Nonprofit and/or government,,51-128,,,Yes,https://www.centura.org/patient-tools/billing-and-financial-services/financial-help,"Some, but not all", ,No,Red,No,Red,No,Red,No,Red,,,,
39001,Adams,OH,,2,7.16E-05,,Nonprofit and/or government,,101-278,,,Yes,https://uchealth-wp-uploads.s3.amazonaws.com/wp-content/uploads/2022/03/24124736/UCHealth-Fin-Assistance-Policy-Detailed-032422.pdf,No,,Unclear,Purple,Unclear,Purple,Unclear,Purple,Unclear,Purple,,,,
39007,Ashtabula,OH,,3,3.05E-05,,For profit,,More than 278,,,Yes,https://yourcommunityhospital.com/PDFs/Financial%20Assistance%20Policy.pdf,Yes,https://www.torrancememorial.org/app/files/public/242e9477-bfc8-44cd-baf4-77230dbc6034/Billing%20Insurance/FAP_Eng_Add_B_2019.pdf,Yes,Blue,Yes,Blue,Yes,Blue,Yes,Blue,,,,
39009,Athens,OH,,2,3.04E-05,,Nonprofit and/or government,,54 or less,,,No,,"Some, but not all", ,No,Red,No,Red,No,Red,No,Red,,,,
39167,Washington,OH,,1,1.64E-05,,For profit,,26-79,,,Yes,https://centura.widen.net/s/6t7wwwsppl/financial-assistance-policy,No,,Unclear,Purple,Unclear,Purple,Unclear,Purple,Unclear,Purple,,,,
40015,Caddo,OK,,1,3.40E-05,,Nonprofit and/or government,,51-129,,,Yes,https://www.centura.org/patient-tools/billing-and-financial-services/financial-help,Yes,https://www.torrancememorial.org/app/files/public/242e9477-bfc8-44cd-baf4-77230dbc6034/Billing%20Insurance/FAP_Eng_Add_B_2019.pdf,Yes,Blue,Yes,Blue,Yes,Blue,Yes,Blue,,,,
40017,Canadian,OK,,1,7.51E-06,,For profit,,101-279,,,No,,"Some, but not all", ,No,Red,No,Red,No,Red,No,Red,,,,
40031,Comanche,OK,,2,1.61E-05,,Nonprofit and/or government,,More than 279,,,Yes,https://www.torrancememorial.org/app/files/public/242e9477-bfc8-44cd-baf4-77230dbc6034/Billing%20Insurance/FAP_Eng_Add_B_2019.pdf,No,,Unclear,Purple,Unclear,Purple,Unclear,Purple,Unclear,Purple,,,,
40051,Grady,OK,,1,1.83E-05,,For profit,,55 or less,,,Yes,https://about.kaiserpermanente.org/community-health/communities-we-serve/southern-california-community/medical-financial-assistance-program,Yes,https://www.torrancememorial.org/app/files/public/242e9477-bfc8-44cd-baf4-77230dbc6034/Billing%20Insurance/FAP_Eng_Add_B_2019.pdf,Yes,Blue,Yes,Blue,Yes,Blue,Yes,Blue,,,,
40097,Mayes,OK,,1,2.45E-05,,Nonprofit and/or government,,26-80,,,Yes,https://www.sutterhealth.org/pdf/financial-assistance-policy/hospital-financial-assistance-policy-english.pdf,"Some, but not all", ,No,Red,No,Red,No,Red,No,Red,,,,
40109,Oklahoma,OK,,4,5.15E-06,,For profit,,51-130,,,No,,No,,Unclear,Purple,Unclear,Purple,Unclear,Purple,Unclear,Purple,,,,
41029,Jackson,OR,,3,1.42E-05,,Nonprofit and/or government,,101-280,,,No,,Yes,https://www.torrancememorial.org/app/files/public/242e9477-bfc8-44cd-baf4-77230dbc6034/Billing%20Insurance/FAP_Eng_Add_B_2019.pdf,Yes,Blue,Yes,Blue,Yes,Blue,Yes,Blue,,,,
41033,Josephine,OR,,5,5.92E-05,,Nonprofit and/or government,,More than 280,,,No,,"Some, but not all", ,No,Red,No,Red,No,Red,No,Red,,,,
41039,Lane,OR,,5,1.38E-05,,For profit,,56 or less,,,Yes,https://about.kaiserpermanente.org/community-health/communities-we-serve/southern-california-community/medical-financial-assistance-program,No,,Unclear,Purple,Unclear,Purple,Unclear,Purple,Unclear,Purple,,,,
41043,Linn,OR,,2,1.66E-05,,Nonprofit and/or government,,26-81,,,No,,Yes,https://www.torrancememorial.org/app/files/public/242e9477-bfc8-44cd-baf4-77230dbc6034/Billing%20Insurance/FAP_Eng_Add_B_2019.pdf,Yes,Blue,Yes,Blue,Yes,Blue,Yes,Blue,,,,
42041,Cumberland,PA,,3,1.22E-05,,For profit,,51-131,,,Yes,https://www.palomarhealth.org/media/file/Patient%20and%20Visitor/34372%20-%20Financial%20Assistance%20Operational%20Procedure.pdf,"Some, but not all", ,No,Red,No,Red,No,Red,No,Red,,,,
42043,Dauphin,PA,,4,1.46E-05,,Nonprofit and/or government,,101-281,,,Yes,https://www.palomarhealth.org/media/file/Patient%20and%20Visitor/34372%20-%20Financial%20Assistance%20Operational%20Procedure.pdf,No,,Unclear,Purple,Unclear,Purple,Unclear,Purple,Unclear,Purple,,,,
42045,Delaware,PA,,7,1.24E-05,,For profit,,More than 281,,,Yes,https://about.kaiserpermanente.org/community-health/communities-we-serve/northern-california-community/medical-financial-assistance-program,Yes,https://www.torrancememorial.org/app/files/public/242e9477-bfc8-44cd-baf4-77230dbc6034/Billing%20Insurance/FAP_Eng_Add_B_2019.pdf,Yes,Blue,Yes,Blue,Yes,Blue,Yes,Blue,,,,
42049,Erie,PA,,3,1.08E-05,,Nonprofit and/or government,,57 or less,,,Yes,https://about.kaiserpermanente.org/community-health/communities-we-serve/southern-california-community/medical-financial-assistance-program,"Some, but not all", ,No,Red,No,Red,No,Red,No,Red,,,,
44003,Kent,RI,,1,6.11E-06,,For profit,,26-82,,,Yes,https://www.centura.org/patient-tools/billing-and-financial-services/financial-help,No,,Unclear,Purple,Unclear,Purple,Unclear,Purple,Unclear,Purple,,,,
44007,Providence,RI,,2,3.16E-06,,Nonprofit and/or government,,51-132,,,Yes,https://www.centura.org/patient-tools/billing-and-financial-services/financial-help,Yes,https://www.torrancememorial.org/app/files/public/242e9477-bfc8-44cd-baf4-77230dbc6034/Billing%20Insurance/FAP_Eng_Add_B_2019.pdf,Yes,Blue,Yes,Blue,Yes,Blue,Yes,Blue,,,,
44009,Washington,RI,,1,7.92E-06,,For profit,,101-282,,,No,,"Some, but not all", ,No,Red,No,Red,No,Red,No,Red,,,,
45003,Aiken,SC,,6,3.62E-05,,Nonprofit and/or government,,More than 282,,,Yes,https://www.centura.org/patient-tools/billing-and-financial-services/financial-help,No,,Unclear,Purple,Unclear,Purple,Unclear,Purple,Unclear,Purple,,,,
45011,Barnwell,SC,,1,4.59E-05,,Nonprofit and/or government,,58 or less,,,Yes,https://uchealth-wp-uploads.s3.amazonaws.com/wp-content/uploads/2022/03/24124736/UCHealth-Fin-Assistance-Policy-Detailed-032422.pdf,Yes,https://www.torrancememorial.org/app/files/public/242e9477-bfc8-44cd-baf4-77230dbc6034/Billing%20Insurance/FAP_Eng_Add_B_2019.pdf,Yes,Blue,Yes,Blue,Yes,Blue,Yes,Blue,,,,
45013,Beaufort,SC,,2,1.11E-05,,For profit,,26-83,,,Yes,https://yourcommunityhospital.com/PDFs/Financial%20Assistance%20Policy.pdf,"Some, but not all", ,No,Red,No,Red,No,Red,No,Red,,,,
45015,Berkeley,SC,,10,4.92E-05,,Nonprofit and/or government,,51-133,,,No,,No,,Unclear,Purple,Unclear,Purple,Unclear,Purple,Unclear,Purple,,,,
45019,Charleston,SC,,26,6.68E-05,,For profit,,101-283,,,Yes,https://centura.widen.net/s/6t7wwwsppl/financial-assistance-policy,Yes,https://www.torrancememorial.org/app/files/public/242e9477-bfc8-44cd-baf4-77230dbc6034/Billing%20Insurance/FAP_Eng_Add_B_2019.pdf,Yes,Blue,Yes,Blue,Yes,Blue,Yes,Blue,,,,
45035,Dorchester,SC,,4,2.62E-05,,Nonprofit and/or government,,More than 283,,,Yes,https://www.centura.org/patient-tools/billing-and-financial-services/financial-help,"Some, but not all", ,No,Red,No,Red,No,Red,No,Red,,,,
45041,Florence,SC,,1,7.21E-06,,For profit,,59 or less,,,No,,No,,Unclear,Purple,Unclear,Purple,Unclear,Purple,Unclear,Purple,,,,
45045,Greenville,SC,,4,8.15E-06,,Nonprofit and/or government,,26-84,,,Yes,https://www.torrancememorial.org/app/files/public/242e9477-bfc8-44cd-baf4-77230dbc6034/Billing%20Insurance/FAP_Eng_Add_B_2019.pdf,Yes,https://www.torrancememorial.org/app/files/public/242e9477-bfc8-44cd-baf4-77230dbc6034/Billing%20Insurance/FAP_Eng_Add_B_2019.pdf,Yes,Blue,Yes,Blue,Yes,Blue,Yes,Blue,,,,
46035,Davison,SD,,2,0.0001004217714,,For profit,,51-134,,,Yes,https://about.kaiserpermanente.org/community-health/communities-we-serve/southern-california-community/medical-financial-assistance-program,"Some, but not all", ,No,Red,No,Red,No,Red,No,Red,,,,
46099,Minnehaha,SD,,1,5.45E-06,,Nonprofit and/or government,,101-284,,,Yes,https://www.sutterhealth.org/pdf/financial-assistance-policy/hospital-financial-assistance-policy-english.pdf,No,,Unclear,Purple,Unclear,Purple,Unclear,Purple,Unclear,Purple,,,,
47001,Anderson,TN,,5,6.63E-05,,For profit,,More than 284,,,No,,Yes,https://www.torrancememorial.org/app/files/public/242e9477-bfc8-44cd-baf4-77230dbc6034/Billing%20Insurance/FAP_Eng_Add_B_2019.pdf,Yes,Blue,Yes,Blue,Yes,Blue,Yes,Blue,,,,
47011,Bradley,TN,,2,1.93E-05,,Nonprofit and/or government,,60 or less,,,No,,"Some, but not all", ,No,Red,No,Red,No,Red,No,Red,,,,
47013,Campbell,TN,,1,2.51E-05,,Nonprofit and/or government,,26-85,,,No,,No,,Unclear,Purple,Unclear,Purple,Unclear,Purple,Unclear,Purple,,,,
47047,Fayette,TN,,2,5.09E-05,,For profit,,51-135,,,Yes,https://about.kaiserpermanente.org/community-health/communities-we-serve/southern-california-community/medical-financial-assistance-program,Yes,https://www.torrancememorial.org/app/files/public/242e9477-bfc8-44cd-baf4-77230dbc6034/Billing%20Insurance/FAP_Eng_Add_B_2019.pdf,Yes,Blue,Yes,Blue,Yes,Blue,Yes,Blue,,,,
47055,Giles,TN,,1,3.45E-05,,Nonprofit and/or government,,101-285,,,No,,"Some, but not all", ,No,Red,No,Red,No,Red,No,Red,,,,
48031,Blanco,TX,,1,9.07E-05,,For profit,,More than 285,,,Yes,https://www.palomarhealth.org/media/file/Patient%20and%20Visitor/34372%20-%20Financial%20Assistance%20Operational%20Procedure.pdf,No,,Unclear,Purple,Unclear,Purple,Unclear,Purple,Unclear,Purple,,,,
48035,Bosque,TX,,2,0.0001119570085,,Nonprofit and/or government,,61 or less,,,Yes,https://www.palomarhealth.org/media/file/Patient%20and%20Visitor/34372%20-%20Financial%20Assistance%20Operational%20Procedure.pdf,Yes,https://www.torrancememorial.org/app/files/public/242e9477-bfc8-44cd-baf4-77230dbc6034/Billing%20Insurance/FAP_Eng_Add_B_2019.pdf,Yes,Blue,Yes,Blue,Yes,Blue,Yes,Blue,,,,
48081,Coke,TX,,1,0.0003098853424,,For profit,,26-86,,,Yes,https://about.kaiserpermanente.org/community-health/communities-we-serve/northern-california-community/medical-financial-assistance-program,"Some, but not all", ,No,Red,No,Red,No,Red,No,Red,,,,
48085,Collin,TX,,10,1.09E-05,,Nonprofit and/or government,,51-136,,,Yes,https://about.kaiserpermanente.org/community-health/communities-we-serve/southern-california-community/medical-financial-assistance-program,No,,Unclear,Purple,Unclear,Purple,Unclear,Purple,Unclear,Purple,,,,
48089,Colorado,TX,,2,9.55E-05,,For profit,,101-286,,,Yes,https://www.centura.org/patient-tools/billing-and-financial-services/financial-help,Yes,https://www.torrancememorial.org/app/files/public/242e9477-bfc8-44cd-baf4-77230dbc6034/Billing%20Insurance/FAP_Eng_Add_B_2019.pdf,Yes,Blue,Yes,Blue,Yes,Blue,Yes,Blue,,,,
48091,Comal,TX,,2,1.55E-05,,Nonprofit and/or government,,More than 286,,,Yes,https://www.centura.org/patient-tools/billing-and-financial-services/financial-help,"Some, but not all", ,No,Red,No,Red,No,Red,No,Red,,,,
49011,Davis,UT,,1,2.99E-06,,For profit,,62 or less,,,No,,No,,Unclear,Purple,Unclear,Purple,Unclear,Purple,Unclear,Purple,,,,
49019,Grand,UT,,1,0.0001047010784,,Nonprofit and/or government,,26-87,,,Yes,https://www.centura.org/patient-tools/billing-and-financial-services/financial-help,Yes,https://www.torrancememorial.org/app/files/public/242e9477-bfc8-44cd-baf4-77230dbc6034/Billing%20Insurance/FAP_Eng_Add_B_2019.pdf,Yes,Blue,Yes,Blue,Yes,Blue,Yes,Blue,,,,
49021,Iron,UT,,1,2.08E-05,,Nonprofit and/or government,,51-137,,,Yes,https://uchealth-wp-uploads.s3.amazonaws.com/wp-content/uploads/2022/03/24124736/UCHealth-Fin-Assistance-Policy-Detailed-032422.pdf,"Some, but not all", ,No,Red,No,Red,No,Red,No,Red,,,,
49053,Washington,UT,,1,6.47E-06,,For profit,,101-287,,,Yes,https://yourcommunityhospital.com/PDFs/Financial%20Assistance%20Policy.pdf,No,,Unclear,Purple,Unclear,Purple,Unclear,Purple,Unclear,Purple,,,,
49057,Weber,UT,,4,1.65E-05,,Nonprofit and/or government,,More than 287,,,No,,Yes,https://www.torrancememorial.org/app/files/public/242e9477-bfc8-44cd-baf4-77230dbc6034/Billing%20Insurance/FAP_Eng_Add_B_2019.pdf,Yes,Blue,Yes,Blue,Yes,Blue,Yes,Blue,,,,
51003,Albemarle,VA,,4,3.81E-05,,For profit,,63 or less,,,Yes,https://centura.widen.net/s/6t7wwwsppl/financial-assistance-policy,"Some, but not all", ,No,Red,No,Red,No,Red,No,Red,,,,
51005,Alleghany,VA,,1,6.48E-05,,Nonprofit and/or government,,26-88,,,Yes,https://www.centura.org/patient-tools/billing-and-financial-services/financial-help,No,,Unclear,Purple,Unclear,Purple,Unclear,Purple,Unclear,Purple,,,,
51007,Amelia,VA,,2,0.0001564455569,,For profit,,51-138,,,No,,Yes,https://www.torrancememorial.org/app/files/public/242e9477-bfc8-44cd-baf4-77230dbc6034/Billing%20Insurance/FAP_Eng_Add_B_2019.pdf,Yes,Blue,Yes,Blue,Yes,Blue,Yes,Blue,,,,
51011,Appomattox,VA,,1,6.45E-05,,Nonprofit and/or government,,101-288,,,Yes,https://www.torrancememorial.org/app/files/public/242e9477-bfc8-44cd-baf4-77230dbc6034/Billing%20Insurance/FAP_Eng_Add_B_2019.pdf,"Some, but not all", ,No,Red,No,Red,No,Red,No,Red,,,,
51013,Arlington,VA,,6,2.63E-05,,For profit,,More than 288,,,Yes,https://about.kaiserpermanente.org/community-health/communities-we-serve/southern-california-community/medical-financial-assistance-program,No,,Unclear,Purple,Unclear,Purple,Unclear,Purple,Unclear,Purple,,,,
51760,Richmond City,VA,,1,4.53E-06,,Nonprofit and/or government,,64 or less,,,Yes,https://www.sutterhealth.org/pdf/financial-assistance-policy/hospital-financial-assistance-policy-english.pdf,Yes,https://www.torrancememorial.org/app/files/public/242e9477-bfc8-44cd-baf4-77230dbc6034/Billing%20Insurance/FAP_Eng_Add_B_2019.pdf,Yes,Blue,Yes,Blue,Yes,Blue,Yes,Blue,,,,
51790,Staunton City,VA,,1,4.13E-05,,For profit,,26-89,,,No,,"Some, but not all", ,No,Red,No,Red,No,Red,No,Red,,,,
51800,Suffolk City,VA,,1,1.14E-05,,Nonprofit and/or government,,51-139,,,No,,No,,Unclear,Purple,Unclear,Purple,Unclear,Purple,Unclear,Purple,,,,
51810,Virginia Beach City,VA,,3,6.66E-06,,Nonprofit and/or government,,101-289,,,No,,Yes,https://www.torrancememorial.org/app/files/public/242e9477-bfc8-44cd-baf4-77230dbc6034/Billing%20Insurance/FAP_Eng_Add_B_2019.pdf,Yes,Blue,Yes,Blue,Yes,Blue,Yes,Blue,,,,
11001,District of Columbia,VI,,1,1.48E-06,,For profit,,More than 289,,,Yes,https://about.kaiserpermanente.org/community-health/communities-we-serve/southern-california-community/medical-financial-assistance-program,"Some, but not all", ,No,Red,No,Red,No,Red,No,Red,,,,
50001,Addison,VT,,1,2.71E-05,,Nonprofit and/or government,,65 or less,,,No,,No,,Unclear,Purple,Unclear,Purple,Unclear,Purple,Unclear,Purple,,,,
50007,Chittenden,VT,,2,1.24E-05,,For profit,,26-90,,,Yes,https://www.palomarhealth.org/media/file/Patient%20and%20Visitor/34372%20-%20Financial%20Assistance%20Operational%20Procedure.pdf,Yes,https://www.torrancememorial.org/app/files/public/242e9477-bfc8-44cd-baf4-77230dbc6034/Billing%20Insurance/FAP_Eng_Add_B_2019.pdf,Yes,Blue,Yes,Blue,Yes,Blue,Yes,Blue,,,,
50019,Orleans,VT,,1,3.70E-05,,Nonprofit and/or government,,51-140,,,Yes,https://www.palomarhealth.org/media/file/Patient%20and%20Visitor/34372%20-%20Financial%20Assistance%20Operational%20Procedure.pdf,"Some, but not all", ,No,Red,No,Red,No,Red,No,Red,,,,
50021,Rutland,VT,,1,1.68E-05,,For profit,,101-290,,,Yes,https://about.kaiserpermanente.org/community-health/communities-we-serve/northern-california-community/medical-financial-assistance-program,No,,Unclear,Purple,Unclear,Purple,Unclear,Purple,Unclear,Purple,,,,
50025,Windham,VT,,2,4.62E-05,,Nonprofit and/or government,,More than 290,,,Yes,https://about.kaiserpermanente.org/community-health/communities-we-serve/southern-california-community/medical-financial-assistance-program,Yes,https://www.torrancememorial.org/app/files/public/242e9477-bfc8-44cd-baf4-77230dbc6034/Billing%20Insurance/FAP_Eng_Add_B_2019.pdf,Yes,Blue,Yes,Blue,Yes,Blue,Yes,Blue,,,,
53003,Asotin,WA,,1,4.52E-05,,For profit,,66 or less,,,Yes,https://www.centura.org/patient-tools/billing-and-financial-services/financial-help,"Some, but not all", ,No,Red,No,Red,No,Red,No,Red,,,,
53007,Chelan,WA,,1,1.33E-05,,Nonprofit and/or government,,26-91,,,Yes,https://www.centura.org/patient-tools/billing-and-financial-services/financial-help,No,,Unclear,Purple,Unclear,Purple,Unclear,Purple,Unclear,Purple,,,,
53009,Clallam,WA,,1,1.37E-05,,For profit,,51-141,,,No,,Yes,https://www.torrancememorial.org/app/files/public/242e9477-bfc8-44cd-baf4-77230dbc6034/Billing%20Insurance/FAP_Eng_Add_B_2019.pdf,Yes,Blue,Yes,Blue,Yes,Blue,Yes,Blue,,,,
53011,Clark,WA,,11,2.41E-05,,Nonprofit and/or government,,101-291,,,Yes,https://www.centura.org/patient-tools/billing-and-financial-services/financial-help,"Some, but not all", ,No,Red,No,Red,No,Red,No,Red,,,,
53027,Grays Harbor,WA,,1,1.41E-05,,Nonprofit and/or government,,More than 291,,,Yes,https://uchealth-wp-uploads.s3.amazonaws.com/wp-content/uploads/2022/03/24124736/UCHealth-Fin-Assistance-Policy-Detailed-032422.pdf,No,,Unclear,Purple,Unclear,Purple,Unclear,Purple,Unclear,Purple,,,,
53029,Island,WA,,3,3.75E-05,,For profit,,67 or less,,,Yes,https://yourcommunityhospital.com/PDFs/Financial%20Assistance%20Policy.pdf,Yes,https://www.torrancememorial.org/app/files/public/242e9477-bfc8-44cd-baf4-77230dbc6034/Billing%20Insurance/FAP_Eng_Add_B_2019.pdf,Yes,Blue,Yes,Blue,Yes,Blue,Yes,Blue,,,,
53031,Jefferson,WA,,1,3.30E-05,,Nonprofit and/or government,,26-92,,,No,,"Some, but not all", ,No,Red,No,Red,No,Red,No,Red,,,,
53033,King,WA,,83,3.90E-05,,For profit,,51-142,,,Yes,https://centura.widen.net/s/6t7wwwsppl/financial-assistance-policy,No,,Unclear,Purple,Unclear,Purple,Unclear,Purple,Unclear,Purple,,,,
53035,Kitsap,WA,,10,3.86E-05,,Nonprofit and/or government,,101-292,,,Yes,https://www.centura.org/patient-tools/billing-and-financial-services/financial-help,Yes,https://www.torrancememorial.org/app/files/public/242e9477-bfc8-44cd-baf4-77230dbc6034/Billing%20Insurance/FAP_Eng_Add_B_2019.pdf,Yes,Blue,Yes,Blue,Yes,Blue,Yes,Blue,,,,
53037,Kittitas,WA,,1,2.32E-05,,For profit,,More than 292,,,No,,"Some, but not all", ,No,Red,No,Red,No,Red,No,Red,,,,
53073,Whatcom,WA,,4,1.89E-05,,Nonprofit and/or government,,68 or less,,,Yes,https://www.torrancememorial.org/app/files/public/242e9477-bfc8-44cd-baf4-77230dbc6034/Billing%20Insurance/FAP_Eng_Add_B_2019.pdf,No,,Unclear,Purple,Unclear,Purple,Unclear,Purple,Unclear,Purple,,,,
53075,Whitman,WA,,1,2.08E-05,,For profit,,26-93,,,Yes,https://about.kaiserpermanente.org/community-health/communities-we-serve/southern-california-community/medical-financial-assistance-program,Yes,https://www.torrancememorial.org/app/files/public/242e9477-bfc8-44cd-baf4-77230dbc6034/Billing%20Insurance/FAP_Eng_Add_B_2019.pdf,Yes,Blue,Yes,Blue,Yes,Blue,Yes,Blue,,,,
53077,Yakima,WA,,3,1.21E-05,,Nonprofit and/or government,,51-143,,,Yes,https://www.sutterhealth.org/pdf/financial-assistance-policy/hospital-financial-assistance-policy-english.pdf,"Some, but not all", ,No,Red,No,Red,No,Red,No,Red,,,,
55009,Brown,WI,,4,1.55E-05,,For profit,,101-293,,,No,,No,,Unclear,Purple,Unclear,Purple,Unclear,Purple,Unclear,Purple,,,,
55015,Calumet,WI,,1,2.01E-05,,Nonprofit and/or government,,More than 293,,,No,,Yes,https://www.torrancememorial.org/app/files/public/242e9477-bfc8-44cd-baf4-77230dbc6034/Billing%20Insurance/FAP_Eng_Add_B_2019.pdf,Yes,Blue,Yes,Blue,Yes,Blue,Yes,Blue,,,,
55017,Chippewa,WI,,1,1.58E-05,,Nonprofit and/or government,,69 or less,,,No,,"Some, but not all", ,No,Red,No,Red,No,Red,No,Red,,,,
55045,Green,WI,,1,2.71E-05,,For profit,,26-94,,,Yes,https://about.kaiserpermanente.org/community-health/communities-we-serve/southern-california-community/medical-financial-assistance-program,No,,Unclear,Purple,Unclear,Purple,Unclear,Purple,Unclear,Purple,,,,
55055,Jefferson,WI,,1,1.18E-05,,Nonprofit and/or government,,51-144,,,No,,Yes,https://www.torrancememorial.org/app/files/public/242e9477-bfc8-44cd-baf4-77230dbc6034/Billing%20Insurance/FAP_Eng_Add_B_2019.pdf,Yes,Blue,Yes,Blue,Yes,Blue,Yes,Blue,,,,
55059,Kenosha,WI,,2,1.19E-05,,For profit,,101-294,,,Yes,https://www.palomarhealth.org/media/file/Patient%20and%20Visitor/34372%20-%20Financial%20Assistance%20Operational%20Procedure.pdf,"Some, but not all", ,No,Red,No,Red,No,Red,No,Red,,,,
54029,Hancock,WV,,2,6.67E-05,,Nonprofit and/or government,,More than 294,,,Yes,https://www.palomarhealth.org/media/file/Patient%20and%20Visitor/34372%20-%20Financial%20Assistance%20Operational%20Procedure.pdf,No,,Unclear,Purple,Unclear,Purple,Unclear,Purple,Unclear,Purple,,,,
56005,Campbell,WY,,1,2.03E-05,,For profit,,70 or less,,,Yes,https://about.kaiserpermanente.org/community-health/communities-we-serve/northern-california-community/medical-financial-assistance-program,Yes,https://www.torrancememorial.org/app/files/public/242e9477-bfc8-44cd-baf4-77230dbc6034/Billing%20Insurance/FAP_Eng_Add_B_2019.pdf,Yes,Blue,Yes,Blue,Yes,Blue,Yes,Blue,,,,
56039,Teton,WY,,1,4.34E-05,,Nonprofit and/or government,,26-95,,,Yes,https://about.kaiserpermanente.org/community-health/communities-we-serve/southern-california-community/medical-financial-assistance-program,"Some, but not all", ,No,Red,No,Red,No,Red,No,Red,,,,